{"train/learning_rate":1.5467318265119123e-05,"train/loss":0.8481,"train/epoch":0.9978570900761102,"train/global_step":422,"_timestamp":1.7322817143108468e+09,"_step":421,"_runtime":7864.63867186,"train/grad_norm":1.2560045719146729,"_wandb":{"runtime":7882}}