{"train/total_flos":8.700916761404375e+17,"train/train_runtime":6178.6411,"_step":1688,"train/train_samples_per_second":8.761,"_runtime":6178.602897251,"train/learning_rate":0,"train/epoch":3.99,"train/train_loss":0.8436277744964966,"_timestamp":1.7328046866251695e+09,"train/global_step":1688,"train/loss":0.7726,"train/train_steps_per_second":0.273,"_wandb":{"runtime":6179}}