{"train/learning_rate":1.5714285714285715e-05,"train/epoch":0.94,"train/global_step":11,"_timestamp":1.7327089276997974e+09,"_wandb":{"runtime":187},"_runtime":145.609805538,"_step":10,"train/loss":1.5339}