{"train/epoch":3.99,"train/train_steps_per_second":0.238,"train/learning_rate":0,"_runtime":1845.644153606,"train/train_loss":1.1790268474004486,"_wandb":{"runtime":1846},"_timestamp":1.7327418787825453e+09,"_step":440,"train/train_samples_per_second":7.657,"train/total_flos":1.3876325918336614e+17,"train/global_step":440,"train/loss":0.8931,"train/train_runtime":1845.6695}