{"train/train_runtime":6512.1152,"train/loss":0.8227,"train/global_step":1688,"train/train_steps_per_second":0.259,"train/total_flos":8.104089208236278e+17,"train/epoch":3.99,"_step":1688,"train/train_samples_per_second":8.313,"_wandb":{"runtime":6512},"_runtime":6512.087935622,"train/train_loss":0.9195550577935732,"_timestamp":1.73151966164163e+09,"train/learning_rate":0}