{"_timestamp":1.7323785410081394e+09,"train/train_loss":0.9194577622328889,"train/learning_rate":0,"train/global_step":1688,"train/train_runtime":14551.8956,"train/train_steps_per_second":0.116,"_wandb":{"runtime":14552},"train/epoch":3.99,"_runtime":14551.857118823,"train/train_samples_per_second":3.72,"_step":1688,"train/loss":0.822,"train/total_flos":8.104089208236278e+17}