{"train/total_flos":3.793246970970112e+16,"train/loss":2.3402,"train/learning_rate":0,"train/train_steps_per_second":0.219,"_wandb":{"runtime":419},"_runtime":419.548217504,"_step":92,"train/epoch":3.93,"_timestamp":1.7325623763941333e+09,"train/train_samples_per_second":7.15,"train/train_runtime":419.5846,"train/global_step":92,"train/train_loss":2.009422830913378}