{"train/loss":0.7196,"train/learning_rate":1.547677261613692e-05,"train/epoch":1,"train/global_step":211,"_timestamp":1.7329805177243226e+09,"_wandb":{"runtime":2968},"_runtime":2902.009928789,"_step":210}