{"_runtime":2954.665683898,"_step":210,"train/loss":0.239,"train/learning_rate":1.547677261613692e-05,"train/epoch":1,"train/global_step":211,"_wandb":{"runtime":3023},"_timestamp":1.7329805709713304e+09}