{"_runtime":6285.916281977,"train/global_step":422,"_timestamp":1.7322801207992523e+09,"train/grad_norm":1.3969429731369019,"train/epoch":0.9978570900761102,"_step":421,"train/loss":0.9083,"_wandb":{"runtime":6300},"train/learning_rate":1.5467318265119123e-05}