{"train/global_step":1688,"train/train_runtime":7267.4148,"train/total_flos":8.104089208236278e+17,"train/train_loss":0.9197161270932281,"train/loss":0.8193,"_step":1688,"train/train_steps_per_second":0.232,"_wandb":{"runtime":7267},"train/epoch":3.99,"train/learning_rate":0,"_runtime":7267.389297118,"_timestamp":1.7325441287552264e+09,"train/train_samples_per_second":7.449}