{"train/train_steps_per_second":0.235,"_wandb":{"runtime":7187},"train/global_step":1688,"_timestamp":1.7328057449968655e+09,"train/train_runtime":7187.1966,"train/total_flos":6.546948991609733e+17,"train/train_loss":0.7630169830721985,"_runtime":7187.152913894,"train/loss":0.5933,"_step":1688,"train/learning_rate":0,"train/epoch":3.99,"train/train_samples_per_second":7.532}