{"_wandb":{"runtime":14623},"train/epoch":3.99,"_step":1688,"train/loss":0.8204,"train/train_loss":0.9197900212983384,"train/learning_rate":0,"train/train_steps_per_second":0.115,"_runtime":14622.769947664,"train/train_samples_per_second":3.702,"train/total_flos":8.104089208236278e+17,"_timestamp":1.7325680685213914e+09,"train/train_runtime":14622.7967,"train/global_step":1688}