{"_timestamp":1.7327101038980496e+09,"_runtime":562.400425483,"_step":34,"train/loss":1.4027,"train/learning_rate":4.2857142857142855e-06,"train/epoch":2.99,"_wandb":{"runtime":595},"train/global_step":35}